{
    "MAE": 0.01560500954110864,
    "RMSE": 0.028737372745133934,
    "R2": 0.8571664407945832
}