{
    "MAE": 0.01607969065952934,
    "RMSE": 0.02873975548307866,
    "R2": 0.8571427539354102
}