{
    "MAE": 0.016761493296476297,
    "RMSE": 0.029609863088316212,
    "R2": 0.8483616903469984
}